{"AK":{"D":{"mid":0.4087356,"lo":0.33220059999999996,"hi":0.48552700000000004},"R":{"mid":0.4832084,"lo":0.4032301,"hi":0.5620837000000001},"L":{"mid":0.09214349000000001,"lo":0.042026100000000004,"hi":0.1493412}},"AL":{"D":{"mid":0.3583019,"lo":0.3199615,"hi":0.3959656},"R":{"mid":0.5817918000000001,"lo":0.5377013,"hi":0.6239277},"L":{"mid":0.042414610000000005,"lo":0.01530263,"hi":0.07550906}},"AR":{"D":{"mid":0.3629233,"lo":0.3206834,"hi":0.4051234},"R":{"mid":0.5696626,"lo":0.5201273,"hi":0.6162916},"L":{"mid":0.04974614,"lo":0.01922094,"hi":0.08651176}},"AZ":{"D":{"mid":0.45386380000000004,"lo":0.4115524,"hi":0.4948334},"R":{"mid":0.47606960000000004,"lo":0.43338659999999996,"hi":0.5177493},"L":{"mid":0.05641778000000001,"lo":0.02425705,"hi":0.09408391999999999}},"CA":{"D":{"mid":0.5845205,"lo":0.5414840000000001,"hi":0.6248573},"R":{"mid":0.35527790000000004,"lo":0.3184453,"hi":0.3917241},"L":{"mid":0.04428134,"lo":0.0174422,"hi":0.07643860000000001}},"CO":{"D":{"mid":0.47678159999999997,"lo":0.43182020000000004,"hi":0.5206744},"R":{"mid":0.4362856,"lo":0.3926178,"hi":0.47886609999999996},"L":{"mid":0.07475657000000001,"lo":0.03544539,"hi":0.1196958}},"CT":{"D":{"mid":0.5283242,"lo":0.48030470000000003,"hi":0.5750009},"R":{"mid":0.40166379999999996,"lo":0.3571762,"hi":0.4462415},"L":{"mid":0.05518439,"lo":0.02224553,"hi":0.09467482}},"DC":{"D":{"mid":0.8285683,"lo":0.7743149,"hi":0.8784145},"R":{"mid":0.12361409999999999,"lo":0.08391586000000001,"hi":0.1651041},"L":{"mid":0.01812639,"lo":0.0039002710000000003,"hi":0.03662894}},"DE":{"D":{"mid":0.5285846000000001,"lo":0.4644365,"hi":0.5913465},"R":{"mid":0.4038113,"lo":0.3432278,"hi":0.4655887},"L":{"mid":0.052846080000000004,"lo":0.01921962,"hi":0.09345157999999999}},"FL":{"D":{"mid":0.4811794,"lo":0.4424321,"hi":0.5190826},"R":{"mid":0.4746051,"lo":0.43599370000000004,"hi":0.5129465},"L":{"mid":0.03166387,"lo":0.011297930000000001,"hi":0.056512269999999996}},"GA":{"D":{"mid":0.4551072,"lo":0.4176826,"hi":0.4919257},"R":{"mid":0.4953388,"lo":0.45719180000000004,"hi":0.5328458},"L":{"mid":0.04955398,"lo":0.02050249,"hi":0.08389544000000002}},"HI":{"D":{"mid":0.5785536,"lo":0.5112254,"hi":0.6425803999999999},"R":{"mid":0.34106220000000004,"lo":0.281978,"hi":0.40080489999999996},"L":{"mid":0.06019369,"lo":0.02298365,"hi":0.104574}},"IA":{"D":{"mid":0.4507723,"lo":0.4070478,"hi":0.49429110000000004},"R":{"mid":0.4797918,"lo":0.4350841,"hi":0.5241434},"L":{"mid":0.05715005,"lo":0.02441331,"hi":0.09573272}},"ID":{"D":{"mid":0.3592774,"lo":0.30999590000000005,"hi":0.4078848},"R":{"mid":0.5550050000000001,"lo":0.4997638,"hi":0.6093128},"L":{"mid":0.06660254,"lo":0.0283641,"hi":0.11179}},"IL":{"D":{"mid":0.5362693000000001,"lo":0.4938615,"hi":0.5769231},"R":{"mid":0.4067696,"lo":0.36755530000000003,"hi":0.44545389999999996},"L":{"mid":0.04354182,"lo":0.016911000000000002,"hi":0.07555272}},"IN":{"D":{"mid":0.404108,"lo":0.3642641,"hi":0.44417140000000005},"R":{"mid":0.5197892000000001,"lo":0.4761229,"hi":0.5623843000000001},"L":{"mid":0.07610278000000001,"lo":0.03553804,"hi":0.1234019}},"KS":{"D":{"mid":0.3900532,"lo":0.34403239999999996,"hi":0.4356646},"R":{"mid":0.5153914,"lo":0.4643924,"hi":0.5650092},"L":{"mid":0.07745091999999999,"lo":0.03531806,"hi":0.1266891}},"KY":{"D":{"mid":0.3788644,"lo":0.33949460000000004,"hi":0.4180887},"R":{"mid":0.5608235,"lo":0.5163863,"hi":0.6040717999999999},"L":{"mid":0.04303538,"lo":0.016188070000000002,"hi":0.07559625}},"LA":{"D":{"mid":0.39402000000000004,"lo":0.35641930000000005,"hi":0.4314426},"R":{"mid":0.5554961,"lo":0.5143232,"hi":0.5951093000000001},"L":{"mid":0.03395501,"lo":0.011891849999999999,"hi":0.06116073}},"MA":{"D":{"mid":0.5798075,"lo":0.5309337000000001,"hi":0.627347},"R":{"mid":0.3460018,"lo":0.30396270000000003,"hi":0.3879037},"L":{"mid":0.05782996,"lo":0.024249580000000003,"hi":0.09741917000000001}},"MD":{"D":{"mid":0.5983384,"lo":0.5542717,"hi":0.6408051},"R":{"mid":0.3414972,"lo":0.3038029,"hi":0.3790137},"L":{"mid":0.04370524,"lo":0.016337420000000002,"hi":0.07693729}},"ME":{"D":{"mid":0.49479039999999996,"lo":0.4337667,"hi":0.5540928},"R":{"mid":0.4204337,"lo":0.3621381,"hi":0.4780995},"L":{"mid":0.07045449,"lo":0.03120748,"hi":0.1159749}},"MI":{"D":{"mid":0.48377699999999996,"lo":0.44117300000000004,"hi":0.5257182},"R":{"mid":0.4419136,"lo":0.4002204,"hi":0.4830777},"L":{"mid":0.06108387,"lo":0.026867290000000002,"hi":0.1012982}},"MN":{"D":{"mid":0.4893555,"lo":0.444372,"hi":0.532975},"R":{"mid":0.43146769999999995,"lo":0.3880677,"hi":0.4745892},"L":{"mid":0.06655869,"lo":0.02969347,"hi":0.1100617}},"MO":{"D":{"mid":0.413788,"lo":0.3733258,"hi":0.4534731},"R":{"mid":0.5144466,"lo":0.47121270000000004,"hi":0.5568617},"L":{"mid":0.05740618000000001,"lo":0.024589910000000003,"hi":0.09566929}},"MS":{"D":{"mid":0.41398820000000003,"lo":0.3737746,"hi":0.4543512},"R":{"mid":0.5445816,"lo":0.5019569,"hi":0.5859885},"L":{"mid":0.02608942,"lo":0.007892278,"hi":0.04941997}},"MT":{"D":{"mid":0.37083150000000004,"lo":0.3131699,"hi":0.42881860000000005},"R":{"mid":0.5207240000000001,"lo":0.45644419999999997,"hi":0.5829419},"L":{"mid":0.09328375,"lo":0.04329389,"hi":0.1505309}},"NC":{"D":{"mid":0.4818854,"lo":0.4438263,"hi":0.5190137},"R":{"mid":0.4750283,"lo":0.4373068,"hi":0.512469},"L":{"mid":0.043086339999999994,"lo":0.01712148,"hi":0.07432488000000001}},"ND":{"D":{"mid":0.3407969,"lo":0.27435590000000004,"hi":0.4079099},"R":{"mid":0.5716013000000001,"lo":0.4963308,"hi":0.6440132},"L":{"mid":0.07118752,"lo":0.02833558,"hi":0.1219042}},"NE":{"D":{"mid":0.36531210000000003,"lo":0.30941240000000003,"hi":0.42153660000000004},"R":{"mid":0.5435692000000001,"lo":0.48112499999999997,"hi":0.6034949000000001},"L":{"mid":0.07384104,"lo":0.03289641,"hi":0.12127980000000001}},"NH":{"D":{"mid":0.4750506,"lo":0.42182949999999997,"hi":0.528649},"R":{"mid":0.4392591,"lo":0.3861512,"hi":0.4925271},"L":{"mid":0.07342215,"lo":0.03373248,"hi":0.11882440000000001}},"NJ":{"D":{"mid":0.5350215,"lo":0.4927403,"hi":0.5764136},"R":{"mid":0.41981240000000003,"lo":0.3793859,"hi":0.4601557},"L":{"mid":0.03066396,"lo":0.010335200000000001,"hi":0.05595187}},"NM":{"D":{"mid":0.4565428,"lo":0.40018680000000006,"hi":0.5114946},"R":{"mid":0.39871090000000003,"lo":0.34591720000000004,"hi":0.45086060000000006},"L":{"mid":0.131402,"lo":0.07199011,"hi":0.1966766}},"NV":{"D":{"mid":0.47069560000000005,"lo":0.4251654,"hi":0.5152427},"R":{"mid":0.4588834,"lo":0.4134418,"hi":0.5032863},"L":{"mid":0.05779621,"lo":0.02483234,"hi":0.09673584}},"NY":{"D":{"mid":0.5677995,"lo":0.5256767,"hi":0.6086758},"R":{"mid":0.377613,"lo":0.33942570000000005,"hi":0.415498},"L":{"mid":0.037764540000000006,"lo":0.01400727,"hi":0.06655886}},"OH":{"D":{"mid":0.4578414,"lo":0.4170922,"hi":0.49773280000000003},"R":{"mid":0.4765876,"lo":0.4347694,"hi":0.5171044},"L":{"mid":0.05344651,"lo":0.02268627,"hi":0.08962723}},"OK":{"D":{"mid":0.3320357,"lo":0.2924829,"hi":0.37112670000000003},"R":{"mid":0.5916284,"lo":0.5431697,"hi":0.6372208},"L":{"mid":0.07633591,"lo":0.034563670000000005,"hi":0.1247216}},"OR":{"D":{"mid":0.5092733,"lo":0.4629556,"hi":0.5545062000000001},"R":{"mid":0.41773119999999997,"lo":0.3740304,"hi":0.46080440000000006},"L":{"mid":0.05932388,"lo":0.02530815,"hi":0.09888597}},"PA":{"D":{"mid":0.4893459,"lo":0.44957749999999996,"hi":0.5280599},"R":{"mid":0.45234090000000005,"lo":0.4133307,"hi":0.49064860000000005},"L":{"mid":0.04602487,"lo":0.0187223,"hi":0.07866905}},"RI":{"D":{"mid":0.5397367,"lo":0.47292850000000003,"hi":0.6053242},"R":{"mid":0.3956375,"lo":0.3334973,"hi":0.459208},"L":{"mid":0.047869339999999996,"lo":0.01682847,"hi":0.08600047999999999}},"SC":{"D":{"mid":0.43830460000000004,"lo":0.39865049999999996,"hi":0.4769791},"R":{"mid":0.507925,"lo":0.4664893,"hi":0.5477029},"L":{"mid":0.0388097,"lo":0.01430202,"hi":0.06833633}},"SD":{"D":{"mid":0.3748422,"lo":0.3087514,"hi":0.4409796},"R":{"mid":0.529892,"lo":0.4580057,"hi":0.6003416},"L":{"mid":0.07909329,"lo":0.03434802,"hi":0.1312726}},